Ref,Val,Package,PosX,PosY,Rot,Side
"BT1","CR1220","CR1220-2",142.000000,-134.500000,90.000000,bottom
"C1","10u","C0805",54.125000,-141.040000,-90.000000,bottom
"C2","10u","C0805",56.125000,-141.040000,-90.000000,bottom
"C3","10u","C0805",58.125000,-141.040000,-90.000000,bottom
"C4","10u","C0805",60.125000,-141.040000,-90.000000,bottom
"C5","10u","C0805",62.125000,-141.040000,-90.000000,bottom
"C6","10u","C0805",54.125000,-145.040000,90.000000,bottom
"C7","10u","C0805",56.125000,-145.040000,90.000000,bottom
"C8","10u","C0805",58.125000,-145.040000,90.000000,bottom
"C9","10u","C0805",60.125000,-145.040000,90.000000,bottom
"C10","10u","C0805",62.125000,-145.040000,90.000000,bottom
"C14","10u","C0805",60.600000,-150.500000,-90.000000,bottom
"C15","10u","C0805",62.600000,-150.500000,-90.000000,bottom
"C16","10u","C0805",64.600000,-150.500000,-90.000000,bottom
"C17","10u","C0805",66.600000,-150.500000,-90.000000,bottom
"C18","10u","C0805",68.600000,-150.500000,-90.000000,bottom
"C19","10u","C0805",60.600000,-154.500000,90.000000,bottom
"C20","10u","C0805",62.600000,-154.500000,90.000000,bottom
"C21","10u","C0805",64.600000,-154.500000,90.000000,bottom
"C22","10u","C0805",66.600000,-154.500000,90.000000,bottom
"C23","10u","C0805",68.600000,-154.500000,90.000000,bottom
"C27","100n","C0603",111.800000,-94.900000,-90.000000,bottom
"C28","10n","C0603",103.800000,-77.400000,0.000000,bottom
"C29","100n","C0603",105.500000,-82.917977,0.000000,bottom
"C30","10n","C0603",107.190001,-77.400000,180.000000,bottom
"C31","100n","C0603",109.600000,-86.500000,90.000000,bottom
"C32","1u","C0603",111.400000,-86.500000,90.000000,bottom
"C33","100n","C0603",147.000000,-126.000000,-90.000000,bottom
"D1","1N4148WS","SOD-323",138.000000,-144.000000,0.000000,bottom
"D2","B5819W","SOD-123",69.000000,-89.500000,90.000000,bottom
"D4","B5819W","SOD-123",69.000000,-82.000000,90.000000,bottom
"D8","NUP2105L","SOT-23",105.500000,-80.417977,-90.000000,bottom
"F5","50mA","Fuse_0603_1608Metric",80.050000,-104.600000,-90.000000,bottom
"F6","50mA","Fuse_0603_1608Metric",80.050000,-97.600000,-90.000000,bottom
"F7","50mA","Fuse_0603_1608Metric",80.150000,-111.600000,-90.000000,bottom
"F8","50mA","Fuse_0603_1608Metric",80.100000,-118.550000,-90.000000,bottom
"F9","50mA","Fuse_0603_1608Metric",80.100000,-125.550000,-90.000000,bottom
"F10","50mA","Fuse_0603_1608Metric",133.150000,-127.550000,-90.000000,bottom
"L1","470R@100MHz","L_0603_1608Metric",106.500000,-75.000000,-90.000000,bottom
"L2","470R@100MHz","L_0603_1608Metric",104.500000,-75.000000,-90.000000,bottom
"R2","33k","R0603",66.000000,-139.000000,90.000000,bottom
"R3","6.8k","R0603",66.000000,-142.000000,90.000000,bottom
"R5","0","R0603",106.900000,-98.200000,-90.000000,bottom
"R6","0","R0603",127.600000,-89.200000,-90.000000,bottom
"R7","5.6k","R0603",99.000000,-155.621682,90.000000,bottom
"R8","5.6k","R0603",101.500000,-155.621682,90.000000,bottom
"R12","4.7k","R0603",80.300000,-83.300000,90.000000,bottom
"R13","4.7k","R0603",80.300000,-86.700000,90.000000,bottom
"R15","4.7k","R0603",52.500000,-70.150000,90.000000,bottom
"R16","4.7k","R0603",55.050000,-70.150000,90.000000,bottom
"R17","22","R0603",78.512500,-97.600000,90.000000,bottom
"R18","22","R0603",78.512500,-104.600000,90.000000,bottom
"R19","22","R0603",78.512500,-111.600000,90.000000,bottom
"R20","0","R_2512_6332Metric",73.900000,-97.600000,180.000000,bottom
"R21","0","R_2512_6332Metric",73.900000,-104.600000,180.000000,bottom
"R22","0","R_2512_6332Metric",73.900000,-111.600000,180.000000,bottom
"R23","22","R0603",78.512500,-118.600000,90.000000,bottom
"R24","22","R0603",78.512500,-125.600000,90.000000,bottom
"R25","22","R0603",78.512500,-132.600000,90.000000,bottom
"R26","0","R_2512_6332Metric",73.900000,-118.600000,180.000000,bottom
"R27","0","R_2512_6332Metric",73.900000,-125.600000,180.000000,bottom
"R28","0","R_2512_6332Metric",73.900000,-132.600000,180.000000,bottom
"R29","4.7k","R0603",54.250000,-118.200000,90.000000,bottom
"R30","4.7k","R0603",86.200000,-133.850000,90.000000,bottom
"R31","4.7k","R0603",52.550000,-118.200000,90.000000,bottom
"R32","4.7k","R0603",83.850000,-131.600000,-90.000000,bottom
"R33","4.7k","R0603",82.000000,-132.000000,-90.000000,bottom
"R34","4.7k","R0603",55.900000,-118.200000,90.000000,bottom
"U4","MAX31855KASA","SOIC-8_3.9x4.9mm_P1.27mm",105.500000,-88.200000,-90.000000,bottom
"U6","VNLD5160TR-E","SOIC-8_3.9x4.9mm_P1.27mm",54.435000,-75.725000,-90.000000,bottom
"U8","VNLD5160TR-E","SOIC-8_3.9x4.9mm_P1.27mm",75.325000,-84.405000,180.000000,bottom
"U9","VNLD5160TR-E","SOIC-8_3.9x4.9mm_P1.27mm",53.150000,-91.800000,-90.000000,bottom
"U10","VNLD5160TR-E","SOIC-8_3.9x4.9mm_P1.27mm",53.150000,-100.550000,-90.000000,bottom
"U11","VNLD5160TR-E","SOIC-8_3.9x4.9mm_P1.27mm",53.150000,-109.100000,-90.000000,bottom
"C11","100n","C0603",51.600000,-142.700000,-90.000000,top
"C12","10n","C0603",51.600000,-145.800000,90.000000,top
"C13","10n","C0603",66.725000,-145.040000,-90.000000,top
"C24","100n","C0603",57.600000,-151.000000,-90.000000,top
"C25","10n","C0603",57.600000,-154.500000,90.000000,top
"C26","10n","C0603",73.600000,-154.500000,-90.000000,top
"D3","B5819W","SOD-123",69.000000,-83.500000,90.000000,top
"D5","B5819W","SOD-123",69.000000,-91.000000,90.000000,top
"F1","12H1500D","PAD-1206-PAD",72.800000,-143.000000,-90.000000,top
"F2","12H1500D","PAD-1206-PAD",71.000000,-137.400000,0.000000,top
"F3","12H1500D","PAD-1206-PAD",70.600000,-143.000000,-90.000000,top
"F4","12H1500D","PAD-1206-PAD",68.400000,-143.000000,-90.000000,top
"G1","RUSEFI_LOGO","rusefi_logo",139.000000,-156.500000,0.000000,top
"G2","LOGO","LOGO",122.000000,-154.500000,0.000000,top
"G3","PROTO_AREA","PROTO_AREA",89.500000,-110.040000,90.000000,top
"G4","PROTO_AREA","PROTO_AREA",97.120000,-110.040000,90.000000,top
"J6","Conn_01x06","PinHeader_1x06_P2.54mm_Vertical",148.150000,-122.100000,-90.000000,top
"J7","Conn_01x05_Male","Molex_SPOX_5267-05A_1x05_P2.50mm_Vertical",133.000000,-157.000000,90.000000,top
"J8","USB_B_Mini","USB-MINI-B-VERTICAL",108.375000,-155.300000,90.000000,top
"J9","USB_C","USB_C",100.000000,-156.000000,0.000000,top
"J30","6437288-5","TE_6437288-5_SuperSeal_60_RA",186.000000,-78.000000,-90.000000,top
"M1","Module-power_12and5V-0.3","power_12and5V",74.624999,-158.775001,0.000000,top
"M2","Module-knock-0.2","knock",126.974999,-77.875000,-90.000000,top
"M3","Module-vr-discrete-0.5","vr-discrete",92.275000,-82.525000,-90.000000,top
"M4","Module-vr-max9924-0.1","vr-max9924",81.225000,-82.525000,-90.000000,top
"M5","Module-wbo-0.5","wbo",149.425000,-120.400000,90.000000,top
"M6","Module:mega-mcu100/0.3","mega-mcu100",129.500010,-111.800000,180.000000,top
"M7","Module-can-0.1","can",80.625000,-105.325002,-90.000000,top
"P1","Pad","PAD-TH",82.000000,-102.500000,0.000000,top
"P2","Pad","PAD-TH",84.900000,-102.500000,0.000000,top
"P3","Pad","PAD-TH",112.500000,-157.500000,0.000000,top
"P4","Pad","PAD-TH",112.500000,-152.500000,0.000000,top
"P5","Pad","PAD-TH",91.600000,-114.000000,0.000000,top
"P6","Pad","PAD-TH",89.060000,-114.000000,0.000000,top
"P7","Pad","PAD-TH",133.200000,-136.000000,0.000000,top
"P8","Pad","PAD-TH",133.200000,-140.700000,0.000000,top
"P15","Pad","PAD-TH",55.540000,-148.500000,0.000000,top
"P16","Pad","PAD-TH",58.080000,-148.500000,0.000000,top
"P17","Pad","PAD-TH",53.000000,-148.500000,0.000000,top
"P18","Pad","PAD-TH",73.000000,-149.000000,0.000000,top
"R1","4.7k","R0603",84.932497,-80.075000,180.000000,top
"R4","Jumper-Pad-Pad","PAD-0805-PAD",93.474609,-155.430391,-90.000000,top
"R9","4.7k","R0603",66.725000,-142.040000,-90.000000,top
"R10","4.7k","R0603",78.600000,-87.550000,180.000000,top
"R11","4.7k","R0603",80.200000,-81.650000,-90.000000,top
"R14","4.7k","R0603",73.600000,-151.600000,-90.000000,top
"R35","10k","R0805",144.750000,-69.500000,0.000000,top
"R36","10k","R0805",144.750000,-72.000000,0.000000,top
"R37","10k","R0805",144.750000,-74.500000,0.000000,top
"R38","DNP","R0805",148.200000,-69.500000,0.000000,top
"R39","DNP","R0805",148.200000,-72.000000,0.000000,top
"R40","DNP","R0805",148.200000,-74.500000,0.000000,top
"U1","TLE9201SG","Infineon_PG-DSO-12-11",59.000000,-142.500000,0.000000,top
"U2","TLE9201SG","Infineon_PG-DSO-12-11",65.625000,-151.960000,0.000000,top
"U3","MPX4/MPXH6400_MAP","MPX-4_MAP",126.013250,-96.000000,-90.000000,top
"U5","JDY-33","JDY-33",142.650000,-138.875000,180.000000,top
"U7","VNLD5160TR-E","SOIC-8_3.9x4.9mm_P1.27mm",75.325000,-83.135000,180.000000,top
